id,firstName,lastName,startDate,location,position
1,Sue,Tindale,8/3/2001,HQ,1
2,Ian,Tindale,8/3/2001,HQ,2
3,Marny,Hermione,10/24/2007,WH,3
4,Chelsea,Claudia,7/3/2003,WH,3
5,Alec,Isadora,4/2/2008,WH,3
6,Xena,Rahim,7/24/2016,3,4
7,Kelsey,Cameron,10/18/2003,3,5
8,Hamilton,Emi,2/9/2005,3,5
9,Caldwell,Veda,9/9/2013,3,5
10,Ima,Winifred,12/10/2016,3,5
11,Ruth,Leslie,6/17/2009,4,4
12,Britanni,Jorden,3/25/2006,4,5
13,Berk,Derek,12/11/2009,4,5
14,Damon,Sasha,6/5/2010,4,5
15,Remedios,Mari,5/9/2014,4,5
16,Reed,Eve,3/30/2006,5,4
17,Quail,Octavia,12/5/2014,5,5
18,Ezekiel,Rashad,11/13/2005,5,5
19,Peter,Paloma,3/12/2014,5,5
20,Ronan,Magee,2/13/2002,5,5
21,Melodie,Mercedes,9/29/2018,6,4
22,Marny,Dennis,3/3/2014,6,5
23,Blythe,Arsenio,11/22/2018,6,5
24,Garrett,Doris,1/27/2007,6,5
25,Aline,Melanie,3/14/2017,6,5
26,Joelle,Christen,11/11/2013,7,4
27,Ainsley,Evelyn,7/31/2003,7,5
28,Joseph,Byron,5/17/2014,7,5
29,Orson,Benedict,7/26/2016,7,5
30,Amela,Chadwick,9/17/2005,7,5
31,Dawn,Anthony,7/2/2009,8,4
32,Alisa,Lysandra,2/2/2005,8,5
33,Cairo,Vaughan,2/18/2015,8,5
34,Yasir,Lillith,2/16/2016,8,5
35,Xavier,Zachary,1/7/2014,8,5
36,Anthony,Kaitlin,4/19/2004,9,4
37,Hop,Bianca,2/11/2015,9,5
38,Ezekiel,Bertha,10/15/2008,9,5
39,Vance,Samuel,6/9/2016,9,5
40,Brent,Herman,10/25/2001,9,5
41,Adrian,Macon,10/13/2001,10,4
42,Kylie,Candace,1/30/2011,10,5
43,Tatum,Laurel,1/31/2015,10,5
44,Tamekah,Maya,5/17/2005,10,5
45,Pandora,Neville,3/21/2019,10,5
46,Desiree,Anika,6/15/2008,FL,4
47,Hope,Sheila,1/31/2003,FL,5
48,Clare,Oscar,2/21/2003,FL,5
49,Gemma,Eaton,5/4/2013,FL,5
50,Dale,Joshua,10/1/2015,FL,5
51,Lawrence,Roberts,8/3/2001,FL,4
52,Melinda,Zeus,8/17/2003,FL,5
53,Sawyer,Kasper,11/11/2007,FL,5
54,Ezekiel,Griffin,9/13/2005,FL,5
55,Coby,Shelly,11/17/2015,FL,5
